"","driver_ID","driver_abbr","number","code","first_name","last_name","DOB","nationality"
"1",1,"taruffi",NA,NA,"Piero","Taruffi","1906-10-12","Italian"
"2",2,"trintignant",NA,NA,"Maurice","Trintignant","1917-10-30","French"
"3",3,"villoresi",NA,NA,"Luigi","Villoresi","1909-05-16","Italian"
"4",4,"wallard",NA,NA,"Lee","Wallard","1910-09-07","American"
"5",5,"walt_brown",NA,NA,"Walt","Brown","1911-12-30","American"
"6",6,"webb",NA,NA,"Travis","Webb","1910-10-08","American"
"7",7,"whitehead",NA,NA,"Peter","Whitehead","1914-11-12","British"
"8",8,"jackson",NA,NA,"Jimmy","Jackson","1910-07-25","American"
"9",9,"kelly",NA,NA,"Joe","Kelly","1913-03-13","Irish"
"10",10,"leslie_johnson",NA,NA,"Leslie","Johnson","1912-03-22","British"
"11",11,"levegh",NA,NA,"Pierre","Levegh","1905-12-22","French"
"12",12,"levrett",NA,NA,"Bayliss","Levrett","1914-02-14","American"
"13",13,"louveau",NA,NA,"Henri","Louveau","1910-01-25","French"
"14",14,"manzon",NA,NA,"Robert","Manzon","1917-04-12","French"
"15",15,"martin",NA,NA,"EugÃ¨ne","Martin","1915-03-24","French"
"16",16,"ader",NA,NA,"Walt","Ader","1913-12-15","American"
"17",17,"agabashian",NA,NA,"Fred","Agabashian","1913-08-21","American"
"18",18,"ascari",NA,NA,"Alberto","Ascari","1918-07-13","Italian"
"19",19,"banks",NA,NA,"Henry","Banks","1913-06-14","American"
"20",20,"bettenhausen",NA,NA,"Tony","Bettenhausen","1916-09-12","American"
"21",21,"biondetti",NA,NA,"Clemente","Biondetti","1898-08-18","Italian"
"22",22,"bira",NA,NA,"Prince","Bira","1914-07-15","Thai"
"23",23,"bonetto",NA,NA,"Felice","Bonetto","1903-06-09","Italian"
"24",24,"branca",NA,NA,"Toni","Branca","1916-09-15","Swiss"
"25",25,"george_connor",NA,NA,"George","Connor","1906-08-16","American"
"26",26,"gerard",NA,NA,"Bob","Gerard","1914-01-19","British"
"27",27,"gonzalez",NA,NA,"JosÃ© FroilÃ¡n","GonzÃ¡lez","1922-10-05","Argentine"
"28",28,"graffenried",NA,NA,"Toulo","de Graffenried","1914-05-18","Swiss"
"29",29,"green",NA,NA,"Cecil","Green","1919-09-30","American"
"30",30,"guy_mairesse",NA,NA,"Guy","Mairesse","1910-08-10","French"
"31",31,"hampshire",NA,NA,"David","Hampshire","1917-12-29","British"
"32",32,"hanks",NA,NA,"Sam","Hanks","1914-07-13","American"
"33",33,"harrison",NA,NA,"Cuth","Harrison","1906-07-06","British"
"34",34,"hartley",NA,NA,"Gene","Hartley","1926-01-28","American"
"35",35,"hellings",NA,NA,"Mack","Hellings","1915-09-14","American"
"36",36,"holland",NA,NA,"Bill","Holland","1907-12-18","American"
"37",37,"holmes",NA,NA,"Jackie","Holmes","1920-09-04","American"
"38",38,"hoyt",NA,NA,"Jerry","Hoyt","1929-01-29","American"
"39",39,"rathmann",NA,NA,"Jim","Rathmann","1928-07-16","American"
"40",40,"reg_parnell",NA,NA,"Reg","Parnell","1911-07-02","British"
"41",41,"rol",NA,NA,"Franco","Rol","1908-06-05","Italian"
"42",42,"rolt",NA,NA,"Tony","Rolt","1918-10-16","British"
"43",43,"rose",NA,NA,"Mauri","Rose","1906-05-26","American"
"44",44,"rosier",NA,NA,"Louis","Rosier","1905-11-05","French"
"45",45,"ruttman",NA,NA,"Troy","Ruttman","1930-03-11","American"
"46",46,"sanesi",NA,NA,"Consalvo","Sanesi","1911-03-28","Italian"
"47",47,"schell",NA,NA,"Harry","Schell","1921-06-29","American"
"48",48,"schindler",NA,NA,"Bill","Schindler","1909-03-06","American"
"49",49,"serafini",NA,NA,"Dorino","Serafini","1909-07-22","Italian"
"50",50,"shawe_taylor",NA,NA,"Brian","Shawe Taylor","1915-01-28","British"
"51",51,"sommer",NA,NA,"Raymond","Sommer","1906-08-31","French"
"52",52,"cabantous",NA,NA,"Yves","Cabantous","1904-10-08","French"
"53",53,"cantrell",NA,NA,"Bill","Cantrell","1908-01-31","American"
"54",54,"chaboud",NA,NA,"EugÃ¨ne","Chaboud","1907-04-12","French"
"55",55,"chiron",NA,NA,"Louis","Chiron","1899-08-03","Monegasque"
"56",56,"chitwood",NA,NA,"Joie","Chitwood","1912-04-14","American"
"57",57,"claes",NA,NA,"Johnny","Claes","1916-08-11","Belgian"
"58",58,"comotti",NA,NA,"Franco","Comotti","1906-07-24","Italian"
"59",59,"crossley",NA,NA,"Geoff","Crossley","1921-05-11","British"
"60",60,"darter",NA,NA,"Duane","Carter","1913-05-05","American"
"61",61,"davies",NA,NA,"Jimmy","Davies","1929-08-08","American"
"62",62,"dick_rathmann",NA,NA,"Dick","Rathmann","1924-01-06","American"
"63",63,"dinsmore",NA,NA,"Duke","Dinsmore","1913-04-10","American"
"64",64,"etancelin",NA,NA,"Philippe","Ã‰tancelin","1896-12-28","French"
"65",65,"fagioli",NA,NA,"Luigi","Fagioli","1898-06-09","Italian"
"66",66,"fangio",NA,NA,"Juan","Fangio","1911-06-24","Argentine"
"67",67,"farina",NA,NA,"Nino","Farina","1906-10-30","Italian"
"68",68,"faulkner",NA,NA,"Walt","Faulkner","1920-02-16","American"
"69",69,"flaherty",NA,NA,"Pat","Flaherty","1926-01-06","American"
"70",70,"fohr",NA,NA,"Myron","Fohr","1912-06-17","American"
"71",71,"fry",NA,NA,"Joe","Fry","1915-10-26","British"
"72",72,"mcdowell",NA,NA,"Johnny","McDowell","1915-01-29","American"
"73",73,"mcgrath",NA,NA,"Jack","McGrath","1919-10-08","American"
"74",74,"murray",NA,NA,"David","Murray","1909-12-28","British"
"75",75,"pagani",NA,NA,"Nello","Pagani","1911-10-11","Italian"
"76",76,"parsons",NA,NA,"Johnnie","Parsons","1918-07-04","American"
"77",77,"paul_russo",NA,NA,"Paul","Russo","1914-04-10","American"
"78",78,"peter_walker",NA,NA,"Peter","Walker","1912-10-07","British"
"79",79,"pian",NA,NA,"Alfredo","PiÃ¡n","1912-10-21","Argentine"
"80",80,"pietsch",NA,NA,"Paul","Pietsch","1911-06-20","German"
"81",81,"pozzi",NA,NA,"Charles","Pozzi","1909-08-27","French"
"82",82,"miller",NA,NA,"Chet","Miller","1902-07-19","American"
"83",83,"moss",NA,NA,"Stirling","Moss","1929-09-17","British"
"84",84,"nalon",NA,NA,"Duke","Nalon","1913-03-02","American"
"85",85,"nazaruk",NA,NA,"Mike","Nazaruk","1921-10-02","American"
"86",86,"parker",NA,NA,"Philip","Fotheringham-Parker","1907-09-22","British"
"87",87,"abecassis",NA,NA,"George","Abecassis","1913-03-21","British"
"88",88,"andre_pilette",NA,NA,"AndrÃ©","Pilette","1918-10-06","Belgian"
"89",89,"ayulo",NA,NA,"Manny","Ayulo","1921-10-20","American"
"90",90,"ball",NA,NA,"Bobby","Ball","1925-08-26","American"
"91",91,"swaters",NA,NA,"Jacques","Swaters","1926-10-30","American"
"92",92,"vukovich",NA,NA,"Bill","Vukovich","1918-12-13","American"
"93",93,"ward",NA,NA,"Rodger","Ward","1921-01-10","American"
"94",94,"james",NA,NA,"Joe","James","1925-05-23","American"
"95",95,"john_james",NA,NA,"John","James","1914-05-10","British"
"96",96,"jover",NA,NA,"Juan","Jover","1903-11-23","Spanish"
"97",97,"landi",NA,NA,"Chico","Landi","1907-07-14","Brazilian"
"98",98,"linden",NA,NA,"Andy","Linden","1922-04-05","American"
"99",99,"mackey",NA,NA,"Bill","Mackey","1927-12-15","American"
"100",100,"marimon",NA,NA,"Onofre","MarimÃ³n","1923-12-19","Argentine"
"101",101,"duncan_hamilton",NA,NA,"Duncan","Hamilton","1920-04-30","British"
"102",102,"fischer",NA,NA,"Rudi","Fischer","1912-04-19","Swiss"
"103",103,"forberg",NA,NA,"Carl","Forberg","1911-03-04","American"
"104",104,"force",NA,NA,"Gene","Force","1916-06-15","American"
"105",105,"godia",NA,NA,"Paco","Godia","1921-03-21","Spanish"
"106",106,"gordini",NA,NA,"Aldo","Gordini","1921-05-20","French"
"107",107,"griffith",NA,NA,"Cliff","Griffith","1916-02-06","American"
"108",108,"grignard",NA,NA,"Georges","Grignard","1905-07-25","French"
"109",109,"hirt",NA,NA,"Peter","Hirt","1910-03-30","Swiss"
"110",110,"richardson",NA,NA,"Ken","Richardson","1911-08-21","British"
"111",111,"scarborough",NA,NA,"Carl","Scarborough","1914-07-03","American"
"112",112,"simon",NA,NA,"AndrÃ©","Simon","1920-01-05","French"
"113",113,"stevenson",NA,NA,"Chuck","Stevenson","1919-10-15","American"
"114",114,"reece",NA,NA,"Jimmy","Reece","1929-11-17","American"
"115",115,"riess",NA,NA,"Fritz","Riess","1922-07-11","German"
"116",116,"rigsby",NA,NA,"Jim","Rigsby","1923-06-06","American"
"117",117,"salvadori",NA,NA,"Roy","Salvadori","1922-05-12","British"
"118",118,"schoeller",NA,NA,"Rudolf","Schoeller","1902-04-27","Swiss"
"119",119,"sweikert",NA,NA,"Bob","Sweikert","1926-05-20","American"
"120",120,"terra",NA,NA,"Max","de Terra","1918-10-06","Swiss"
"121",121,"thompson",NA,NA,"Eric","Thompson","1919-11-04","British"
"122",122,"tornaco",NA,NA,"Charles","de Tornaco","1927-06-07","Belgian"
"123",123,"ulmen",NA,NA,"Toni","Ulmen","1906-01-25","German"
"124",124,"wharton",NA,NA,"Ken","Wharton","1916-03-21","British"
"125",125,"mcalpine",NA,NA,"Kenneth","McAlpine","1920-09-21","British"
"126",126,"niedermayr",NA,NA,"Helmut","Niedermayr","1915-11-29","German"
"127",127,"obrien",NA,NA,"Robert","O'Brien","1908-04-11","American"
"128",128,"peters",NA,NA,"Josef","Peters","1914-09-16","German"
"129",129,"poore",NA,NA,"Dennis","Poore","1916-08-19","British"
"130",130,"alan_brown",NA,NA,"Alan","Brown","1919-11-20","British"
"131",131,"aston",NA,NA,"Bill","Aston","1900-03-29","British"
"132",132,"balsa",NA,NA,"Marcel","Balsa","1909-01-01","French"
"133",133,"bayol",NA,NA,"Ã‰lie","Bayol","1914-02-28","French"
"134",134,"bechem",NA,NA,"GÃ¼nther","Bechem","1921-12-21","German"
"135",135,"behra",NA,NA,"Jean","Behra","1921-02-16","French"
"136",136,"bianco",NA,NA,"Gino","Bianco","1916-07-22","Brazilian"
"137",137,"bob_scott",NA,NA,"Bob","Scott","1928-10-04","American"
"138",138,"brandon",NA,NA,"Eric","Brandon","1920-07-18","British"
"139",139,"brudes",NA,NA,"Adolf","Brudes","1899-10-15","German"
"140",140,"gaze",NA,NA,"Tony","Gaze","1920-02-03","Australian"
"141",141,"graham_whitehead",NA,NA,"Graham","Whitehead","1922-04-15","British"
"142",142,"hans_stuck",NA,NA,"Hans","von Stuck","1900-12-27","German"
"143",143,"hawthorn",NA,NA,"Mike","Hawthorn","1929-04-10","British"
"144",144,"heeks",NA,NA,"Willi","Heeks","1922-02-13","German"
"145",145,"helfrich",NA,NA,"Theo","Helfrich","1913-05-13","German"
"146",146,"johnson",NA,NA,"Eddie","Johnson","1919-02-10","American"
"147",147,"klenk",NA,NA,"Hans","Klenk","1919-10-28","German"
"148",148,"klodwig",NA,NA,"Ernst","Klodwig","1903-05-23","East German"
"149",149,"krause",NA,NA,"Rudolf","Krause","1907-03-30","East German"
"150",150,"laurent",NA,NA,"Roger","Laurent","1913-02-21","Belgian"
"151",151,"legat",NA,NA,"Arthur","Legat","1898-11-01","Belgian"
"152",152,"lof",NA,NA,"Dries","van der Lof","1919-08-23","Dutch"
"153",153,"macklin",NA,NA,"Lance","Macklin","1919-09-02","British"
"154",154,"bryan",NA,NA,"Jimmy","Bryan","1926-01-28","American"
"155",155,"cantoni",NA,NA,"Eitel","Cantoni","1906-10-04","Uruguayan"
"156",156,"carini",NA,NA,"Piero","Carini","1921-03-06","Italian"
"157",157,"charrington",NA,NA,"Robin","Montgomerie-Charrington","1915-06-23","British"
"158",158,"collins",NA,NA,"Peter","Collins","1931-11-06","British"
"159",159,"crespo",NA,NA,"Alberto","Crespo","1920-01-16","Argentine"
"160",160,"crook",NA,NA,"Tony","Crook","1920-02-16","British"
"161",161,"cross",NA,NA,"Art","Cross","1918-01-24","American"
"162",162,"downing",NA,NA,"Ken","Downing","1917-12-05","British"
"163",163,"dusio",NA,NA,"Piero","Dusio","1899-10-13","Italian"
"164",164,"flinterman",NA,NA,"Jan","Flinterman","1919-10-02","Dutch"
"165",165,"fonder",NA,NA,"George","Fonder","1917-06-22","American"
"166",166,"frere",NA,NA,"Paul","FrÃ¨re","1917-01-30","Belgian"
"167",167,"cruz",NA,NA,"Adolfo","Cruz","1923-06-28","Argentine"
"168",168,"daywalt",NA,NA,"Jimmy","Daywalt","1924-08-28","American"
"169",169,"fairman",NA,NA,"Jack","Fairman","1913-03-15","British"
"170",170,"fitch",NA,NA,"John","Fitch","1917-08-04","American"
"171",171,"fitzau",NA,NA,"Theo","Fitzau","1923-02-10","East German"
"172",172,"freeland",NA,NA,"Don","Freeland","1925-03-25","American"
"173",173,"galvez",NA,NA,"Oscar","GÃ¡lvez","1913-08-17","Argentine"
"174",174,"mccoy",NA,NA,"Ernie","McCoy","1921-02-19","American"
"175",175,"menditeguy",NA,NA,"Carlos","Menditeguy","1914-08-10","Argentine"
"176",176,"mieres",NA,NA,"Roberto","Mieres","1924-12-03","Argentine"
"177",177,"musso",NA,NA,"Luigi","Musso","1924-07-28","Italian"
"178",178,"niday",NA,NA,"Cal","Niday","1914-04-29","American"
"179",179,"nuckey",NA,NA,"Rodney","Nuckey","1929-06-26","British"
"180",180,"scherrer",NA,NA,"Albert","Scherrer","1908-02-28","Swiss"
"181",181,"seidel",NA,NA,"Wolfgang","Seidel","1926-07-04","German"
"182",182,"teague",NA,NA,"Marshall","Teague","1921-02-22","American"
"183",183,"thomson",NA,NA,"Johnny","Thomson","1922-04-09","American"
"184",184,"wacker",NA,NA,"Fred","Wacker","1918-07-10","American"
"185",185,"jimmy_stewart",NA,NA,"Jimmy","Stewart","1931-03-06","British"
"186",186,"john_barber",NA,NA,"John","Barber","1929-07-22","British"
"187",187,"karch",NA,NA,"Oswald","Karch","1917-03-06","German"
"188",188,"lang",NA,NA,"Hermann","Lang","1909-04-06","German"
"189",189,"loof",NA,NA,"Ernst","Loof","1907-07-04","German"
"190",190,"maglioli",NA,NA,"Umberto","Maglioli","1928-06-05","Italian"
"191",191,"mantovani",NA,NA,"Sergio","Mantovani","1929-05-22","Italian"
"192",192,"mantz",NA,NA,"Johnny","Mantz","1918-09-18","American"
"193",193,"adolff",NA,NA,"Kurt","Adolff","1921-11-05","German"
"194",194,"barth",NA,NA,"Edgar","Barth","1917-01-26","German"
"195",195,"bauer",NA,NA,"Erwin","Bauer","1912-07-17","German"
"196",196,"birger",NA,NA,"Pablo","Birger","1924-01-07","Argentine"
"197",197,"georges_berger",NA,NA,"Georges","Berger","1918-09-14","Belgian"
"198",198,"herrmann",NA,NA,"Hans","Herrmann","1928-02-23","German"
"199",199,"ian_stewart",NA,NA,"Ian","Stewart","1929-07-15","British"
"200",200,"gould",NA,NA,"Horace","Gould","1918-09-20","British"
"201",201,"homeier",NA,NA,"Bill","Homeier","1918-08-31","American"
"202",202,"riseley_prichard",NA,NA,"John","Riseley-Prichard","1924-01-17","British"
"203",203,"riu",NA,NA,"Giovanni","de Riu","1925-03-10","Italian"
"204",204,"bucci",NA,NA,"Clemar","Bucci","1920-09-04","Argentine"
"205",205,"connor",NA,NA,"Pat","O'Connor","1928-10-09","American"
"206",206,"crockett",NA,NA,"Larry","Crockett","1926-10-23","American"
"207",207,"daponte",NA,NA,"Jorge","Daponte","1923-06-05","Argentine"
"208",208,"duncan",NA,NA,"Len","Duncan","1911-07-25","American"
"209",209,"elisian",NA,NA,"Ed","Elisian","1926-12-09","American"
"210",210,"flockhart",NA,NA,"Ron","Flockhart","1923-06-16","British"
"211",211,"pollet",NA,NA,"Jacques","Pollet","1922-07-02","French"
"212",212,"armi",NA,NA,"Frank","Armi","1918-10-12","American"
"213",213,"beauman",NA,NA,"Don","Beauman","1928-07-26","British"
"214",214,"thorne",NA,NA,"Leslie","Thorne","1916-06-23","British"
"215",215,"volonterio",NA,NA,"Ottorino","Volonterio","1917-12-07","Swiss"
"216",216,"whitehouse",NA,NA,"Bill","Whitehouse","1909-04-01","British"
"217",217,"kladis",NA,NA,"Danny","Kladis","1917-02-10","American"
"218",218,"kling",NA,NA,"Karl","Kling","1910-09-16","German"
"219",219,"loyer",NA,NA,"Roger","Loyer","1907-08-05","French"
"220",220,"marr",NA,NA,"Leslie","Marr","1922-08-14","British"
"221",221,"keller",NA,NA,"Al","Keller","1920-04-11","American"
"222",222,"lucas",NA,NA,"Jean","Lucas","1917-04-25","French"
"223",223,"castellotti",NA,NA,"Eugenio","Castellotti","1930-10-10","Italian"
"224",224,"herman",NA,NA,"Al","Herman","1927-03-15","American"
"225",225,"iglesias",NA,NA,"JesÃºs","Iglesias","1922-02-22","Argentine"
"226",226,"jack_brabham",NA,NA,"Jack","Brabham","1926-04-02","Australian"
"227",227,"ramos",NA,NA,"Hernando","da Silva Ramos","1925-12-07","Brazilian"
"228",228,"ray_crawford",NA,NA,"Ray","Crawford","1915-10-26","American"
"229",229,"russo",NA,NA,"Eddie","Russo","1925-11-19","American"
"230",230,"sparken",NA,NA,"Mike","Sparken","1930-06-16","French"
"231",231,"templeman",NA,NA,"Shorty","Templeman","1919-08-12","American"
"232",232,"uria",NA,NA,"Alberto","Uria","1924-07-11","Uruguayan"
"233",233,"weyant",NA,NA,"Chuck","Weyant","1923-04-03","American"
"234",234,"whiteaway",NA,NA,"Ted","Whiteaway","1928-11-01","British"
"235",235,"perdisa",NA,NA,"Cesare","Perdisa","1932-10-21","Italian"
"236",236,"piotti",NA,NA,"Luigi","Piotti","1913-10-27","Italian"
"237",237,"andrews",NA,NA,"Keith","Andrews","1920-06-15","American"
"238",238,"boyd",NA,NA,"Johnny","Boyd","1926-08-19","American"
"239",239,"bonnier",NA,NA,"Jo","Bonnier","1930-01-31","Swedish"
"240",240,"brooks",NA,NA,"Tony","Brooks","1932-02-25","British"
"241",241,"garrett",NA,NA,"Billy","Garrett","1933-04-24","American"
"242",242,"gendebien",NA,NA,"Olivier","Gendebien","1924-01-12","Belgian"
"243",243,"gerini",NA,NA,"Gerino","Gerini","1928-08-10","Italian"
"244",244,"halford",NA,NA,"Bruce","Halford","1931-05-18","British"
"245",245,"leston",NA,NA,"Les","Leston","1920-12-16","British"
"246",246,"chapman",NA,NA,"Colin","Chapman","1928-05-19","British"
"247",247,"christie",NA,NA,"Bob","Christie","1924-04-04","American"
"248",248,"emery",NA,NA,"Paul","Emery","1916-11-12","British"
"249",249,"milhoux",NA,NA,"AndrÃ©","Milhoux","1928-12-09","Belgian"
"250",250,"oscar_gonzalez",NA,NA,"Ã“scar","GonzÃ¡lez","1923-11-10","Uruguayan"
"251",251,"portago",NA,NA,"Alfonso","de Portago","1928-10-11","Spanish"
"252",252,"scarlatti",NA,NA,"Giorgio","Scarlatti","1921-10-02","Italian"
"253",253,"scott_Brown",NA,NA,"Archie","Scott Brown","1927-05-13","British"
"254",254,"scotti",NA,NA,"Piero","Scotti","1909-11-11","Italian"
"255",255,"titterington",NA,NA,"Desmond","Titterington","1928-05-01","British"
"256",256,"tolan",NA,NA,"Johnnie","Tolan","1917-10-22","American"
"257",257,"trips",NA,NA,"Wolfgang","von Trips","1928-05-04","German"
"258",258,"turner",NA,NA,"Jack","Turner","1920-02-12","American"
"259",259,"veith",NA,NA,"Bob","Veith","1926-11-01","American"
"260",260,"tomaso",NA,NA,"Alessandro","de Tomaso","1928-07-10","Argentine-Italian"
"261",261,"lewis-evans",NA,NA,"Stuart","Lewis-Evans","1930-04-20","British"
"262",262,"macdowel",NA,NA,"Mike","MacDowel","1932-09-13","British"
"263",263,"mackay-fraser",NA,NA,"Herbert","MacKay-Fraser","1927-06-23","American"
"264",264,"magill",NA,NA,"Mike","Magill","1920-02-08","American"
"265",265,"marsh",NA,NA,"Tony","Marsh","1931-07-20","British"
"266",266,"beaufort",NA,NA,"Carel Godin","de Beaufort","1934-04-10","Dutch"
"267",267,"george",NA,NA,"Elmer","George","1928-07-15","American"
"268",268,"gibson",NA,NA,"Dick","Gibson","1918-04-16","British"
"269",269,"gregory",NA,NA,"Masten","Gregory","1932-02-29","American"
"270",270,"sachs",NA,NA,"Eddie","Sachs","1927-05-28","American"
"271",271,"bueb",NA,NA,"Ivor","Bueb","1923-06-06","British"
"272",272,"cheesbourg",NA,NA,"Bill","Cheesbourg","1927-06-12","American"
"273",273,"edmunds",NA,NA,"Don","Edmunds","1930-09-23","American"
"274",274,"england",NA,NA,"Paul","England","1929-03-28","Australian"
"275",275,"naylor",NA,NA,"Brian","Naylor","1923-03-24","British"
"276",276,"mclaren",NA,NA,"Bruce","McLaren","1937-08-30","New Zealander"
"277",277,"phil_hill",NA,NA,"Phil","Hill","1927-04-20","American"
"278",278,"picard",NA,NA,"FranÃ§ois","Picard","1921-04-26","French"
"279",279,"allison",NA,NA,"Cliff","Allison","1932-02-08","British"
"280",280,"bisch",NA,NA,"Art","Bisch","1926-11-10","American"
"281",281,"bridger",NA,NA,"Tom","Bridger","1934-06-24","British"
"282",282,"sutton",NA,NA,"Len","Sutton","1925-08-09","American"
"283",283,"taramazzo",NA,NA,"Luigi","Taramazzo","1932-05-05","Italian"
"284",284,"testut",NA,NA,"AndrÃ©","Testut","1926-04-13","Monegasque"
"285",285,"jerry_unser",NA,NA,"Jerry","Unser","1932-11-15","American"
"286",286,"kavanagh",NA,NA,"Ken","Kavanagh","1923-12-12","Australian"
"287",287,"kessler",NA,NA,"Bruce","Kessler","1936-03-23","American"
"288",288,"la_caze",NA,NA,"Robert","La Caze","1917-02-26","French"
"289",289,"larson",NA,NA,"Jud","Larson","1923-01-21","American"
"290",290,"burgess",NA,NA,"Ian","Burgess","1930-07-06","British"
"291",291,"cabianca",NA,NA,"Giulio","Cabianca","1923-02-19","Italian"
"292",292,"dempsey_wilson",NA,NA,"Dempsey","Wilson","1927-03-11","American"
"293",293,"ecclestone",NA,NA,"Bernie","Ecclestone","1930-10-28","British"
"294",294,"filippis",NA,NA,"Maria","de Filippis","1926-11-11","Italian"
"295",295,"foyt",NA,NA,"Anthony","Foyt","1935-01-16","American"
"296",296,"george_amick",NA,NA,"George","Amick","1924-10-24","American"
"297",297,"goethals",NA,NA,"Christian","Goethals","1928-08-04","Belgian"
"298",298,"goldsmith",NA,NA,"Paul","Goldsmith","1925-10-02","American"
"299",299,"guelfi",NA,NA,"AndrÃ©","Guelfi","1919-05-06","French"
"300",300,"hill",NA,NA,"Graham","Hill","1929-02-15","British"
"301",301,"shelby",NA,NA,"Carroll","Shelby","1923-01-11","American"
"302",302,"stacey",NA,NA,"Alan","Stacey","1933-08-29","British"
"303",303,"said",NA,NA,"Bob","Said","1932-05-05","American"
"304",304,"trevor_taylor",NA,NA,"Trevor","Taylor","1936-12-26","British"
"305",305,"mcwithey",NA,NA,"Jim","McWithey","1927-07-04","American"
"306",306,"mike_taylor",NA,NA,"Mike","Taylor","1934-04-24","British"
"307",307,"orey",NA,NA,"Fritz","d'Orey","1938-03-25","Brazilian"
"308",308,"parkes",NA,NA,"Mike","Parkes","1931-09-24","British"
"309",309,"parnell",NA,NA,"Tim","Parnell","1932-06-25","British"
"310",310,"piper",NA,NA,"David","Piper","1930-12-02","British"
"311",311,"amick",NA,NA,"Red","Amick","1929-01-19","American"
"312",312,"arnold",NA,NA,"Chuck","Arnold","1926-05-30","American"
"313",313,"ashdown",NA,NA,"Peter","Ashdown","1934-10-16","British"
"314",314,"bianchi",NA,"BIA","Lucien","Bianchi","1934-11-10","Belgian"
"315",315,"bill_moss",NA,NA,"Bill","Moss","1933-09-04","British"
"316",316,"blanchard",NA,NA,"Harry","Blanchard","1929-06-13","American"
"317",317,"branson",NA,NA,"Don","Branson","1920-06-02","American"
"318",318,"bristow",NA,NA,"Chris","Bristow","1937-12-02","British"
"319",319,"greene",NA,NA,"Keith","Greene","1938-01-05","British"
"320",320,"grim",NA,NA,"Bobby","Grim","1924-09-04","American"
"321",321,"gurney",NA,NA,"Dan","Gurney","1931-04-13","American"
"322",322,"henry_taylor",NA,NA,"Henry","Taylor","1932-12-16","British"
"323",323,"ireland",NA,NA,"Innes","Ireland","1930-06-12","British"
"324",324,"lovely",NA,NA,"Pete","Lovely","1926-04-11","American"
"325",325,"lucienbonnet",NA,NA,"Jean","Lucienbonnet","1923-01-07","French"
"326",326,"cabral",NA,NA,"MÃ¡rio de AraÃºjo","Cabral","1934-01-15","Portuguese"
"327",327,"cade",NA,NA,"Phil","Cade","1916-06-12","American"
"328",328,"Changy",NA,NA,"Alain","de Changy","1922-02-05","Belgian"
"329",329,"constantine",NA,NA,"George","Constantine","1918-02-22","American"
"330",330,"davis",NA,NA,"Colin","Davis","1933-07-29","British"
"331",331,"dennis_taylor",NA,NA,"Dennis","Taylor","1921-06-12","British"
"332",332,"fontes",NA,NA,"Azdrubal","Fontes","1922-12-26","Uruguayan"
"333",333,"chimeri",NA,NA,"Ettore","Chimeri","1921-06-04","Venezuelan"
"334",334,"clark",NA,NA,"Jim","Clark","1936-03-04","British"
"335",335,"creus",NA,NA,"Antonio","Creus","1924-10-28","Spanish"
"336",336,"daigh",NA,NA,"Chuck","Daigh","1923-11-29","American"
"337",337,"drake",NA,NA,"Bob","Drake","1919-12-14","American"
"338",338,"drogo",NA,NA,"Piero","Drogo","1926-08-08","Italian"
"339",339,"estefano",NA,NA,"Nasif","EstÃ©fano","1932-11-18","Argentine"
"340",340,"gamble",NA,NA,"Fred","Gamble","1932-03-17","American"
"341",341,"munaron",NA,NA,"Gino","Munaron","1928-04-02","Italian"
"342",342,"owen",NA,NA,"Arthur","Owen","1915-03-23","British"
"343",343,"reventlow",NA,NA,"Lance","Reventlow","1936-02-24","American"
"344",344,"ruby",NA,NA,"Lloyd","Ruby","1928-01-12","American"
"345",345,"surtees",NA,NA,"John","Surtees","1934-02-11","British"
"346",346,"thiele",NA,NA,"Alfonso","Thiele","1920-04-05","American-Italian"
"347",347,"tingelstad",NA,NA,"Bud","Tingelstad","1928-04-04","American"
"348",348,"vic_wilson",NA,NA,"Vic","Wilson","1931-04-14","British"
"349",349,"weiler",NA,NA,"Wayne","Weiler","1934-12-09","American"
"350",350,"larreta",NA,NA,"Alberto Rodriguez","Larreta","1934-01-14","Argentine"
"351",351,"mairesse",NA,NA,"Willy","Mairesse","1928-10-01","Belgian"
"352",352,"bonomi",NA,NA,"Roberto","Bonomi","1919-09-30","Argentine"
"353",353,"ginther",NA,NA,"Richie","Ginther","1930-08-05","American"
"354",354,"hall",NA,NA,"Jim","Hall","1935-07-23","American"
"355",355,"hurtubise",NA,NA,"Jim","Hurtubise","1932-12-05","American"
"356",356,"hansgen",NA,NA,"Walt","Hansgen","1919-10-28","American"
"357",357,"ricardo_rodriguez",NA,NA,"Ricardo","RodrÃ­guez","1942-02-14","Mexican"
"358",358,"ryan",NA,NA,"Peter","Ryan","1940-06-10","Canadian"
"359",359,"sharp",NA,NA,"Hap","Sharp","1928-01-01","American"
"360",360,"starrabba",NA,NA,"Gaetano","Starrabba","1932-12-03","Italian"
"361",361,"bussinello",NA,NA,"Roberto","Bussinello","1927-10-04","Italian"
"362",362,"campbell-jones",NA,NA,"John","Campbell-Jones","1930-01-21","British"
"363",363,"collomb",NA,NA,"Bernard","Collomb","1930-10-07","French"
"364",364,"duke",NA,NA,"Geoff","Duke","1923-03-29","British"
"365",365,"may",NA,NA,"Michael","May","1934-08-18","Swiss"
"366",366,"monteverdi",NA,NA,"Peter","Monteverdi","1934-06-07","Swiss"
"367",367,"natili",NA,NA,"Massimo","Natili","1935-07-28","Italian"
"368",368,"penske",NA,NA,"Roger","Penske","1937-02-20","American"
"369",369,"pirocchi",NA,NA,"Renato","Pirocchi","1933-03-26","Italian"
"370",370,"prinoth",NA,NA,"Ernesto","Prinoth","1923-04-15","Italian"
"371",371,"ashmore",NA,NA,"Gerry","Ashmore","1936-07-25","British"
"372",372,"baghetti",NA,NA,"Giancarlo","Baghetti","1934-12-25","Italian"
"373",373,"bandini",NA,NA,"Lorenzo","Bandini","1935-12-21","Italian"
"374",374,"boffa",NA,NA,"Menato","Boffa","1930-01-04","Italian"
"375",375,"bordeu",NA,NA,"Juan Manuel","Bordeu","1934-01-28","Argentine"
"376",376,"vaccarella",NA,NA,"Nino","Vaccarella","1933-03-04","Italian"
"377",377,"ken_miles",NA,NA,"Ken","Miles","1918-11-01","British"
"378",378,"lewis",NA,NA,"Jackie","Lewis","1936-11-01","British"
"379",379,"lippi",NA,NA,"Roberto","Lippi","1926-10-17","Italian"
"380",380,"maggs",NA,NA,"Tony","Maggs","1937-02-09","South African"
"381",381,"johnstone",NA,NA,"Bruce","Johnstone","1937-01-30","South African"
"382",382,"kuhnke",NA,NA,"Kurt","Kuhnke","1910-04-30","German"
"383",383,"lederle",NA,NA,"Neville","Lederle","1938-09-25","South African"
"384",384,"love",NA,NA,"John","Love","1924-12-07","Rhodesian"
"385",385,"chamberlain",NA,NA,"Jay","Chamberlain","1925-12-29","American"
"386",386,"harris",NA,NA,"Mike","Harris","1939-05-25","South African"
"387",387,"hocking",NA,NA,"Gary","Hocking","1937-09-30","Rhodesian"
"388",388,"schiller",NA,NA,"Heinz","Schiller","1930-01-25","Swiss"
"389",389,"schroeder",NA,NA,"Rob","Schroeder","1926-05-11","British"
"390",390,"seiffert",NA,NA,"GÃ¼nther","Seiffert","1937-10-18","German"
"391",391,"serrurier",NA,NA,"Doug","Serrurier","1920-12-09","South African"
"392",392,"settember",NA,NA,"Tony","Settember","1926-07-10","American"
"393",393,"shelly",NA,NA,"Tony","Shelly","1937-02-02","New Zealander"
"394",394,"siffert",NA,NA,"Jo","Siffert","1936-07-07","Swiss"
"395",395,"slotemaker",NA,NA,"Rob","Slotemaker","1929-06-13","Dutch"
"396",396,"tingle",NA,NA,"Sam","Tingle","1921-08-24","Rhodesian"
"397",397,"vyver",NA,NA,"Syd","van der Vyver","1920-06-01","South African"
"398",398,"walter",NA,NA,"Heini","Walter","1927-07-28","Swiss"
"399",399,"mayer",NA,NA,"Timmy","Mayer","1938-02-22","American"
"400",400,"pieterse",NA,NA,"Ernie","Pieterse","1938-07-04","South African"
"401",401,"pon",NA,NA,"Ben","Pon","1936-12-09","Dutch"
"402",402,"abate",NA,NA,"Carlo","Abate","1932-07-10","Italian"
"403",403,"arundell",NA,NA,"Peter","Arundell","1933-11-08","British"
"404",404,"amon",NA,NA,"Chris","Amon","1943-07-20","New Zealander"
"405",405,"anderson",NA,NA,"Bob","Anderson","1931-05-19","British"
"406",406,"blokdyk",NA,NA,"Trevor","Blokdyk","1935-11-30","South African"
"407",407,"broeker",NA,NA,"Peter","Broeker","1926-05-15","Canadian"
"408",408,"hailwood",NA,NA,"Mike","Hailwood","1940-04-02","British"
"409",409,"klerk",NA,NA,"Peter","de Klerk","1935-03-16","South African"
"410",410,"dochnal",NA,NA,"Frank","Dochnal","1920-10-08","American"
"411",411,"driver",NA,NA,"Paddy","Driver","1934-05-13","South African"
"412",412,"ernesto_brambilla",NA,NA,"Ernesto","Brambilla","1934-01-31","Italian"
"413",413,"mitter",NA,NA,"Gerhard","Mitter","1935-08-30","German"
"414",414,"monarch",NA,NA,"Thomas","Monarch","1945-09-03","American"
"415",415,"niemann",NA,NA,"Brausch","Niemann","1939-01-07","South African"
"416",416,"prophet",NA,NA,"David","Prophet","1937-10-09","British"
"417",417,"raby",NA,NA,"Ian","Raby","1921-09-22","British"
"418",418,"rodriguez",NA,NA,"Pedro","RodrÃ­guez","1940-01-18","Mexican"
"419",419,"scarfiotti",NA,NA,"Ludovico","Scarfiotti","1933-10-18","Italian"
"420",420,"solana",NA,NA,"MoisÃ©s","Solana","1935-12-26","Mexican"
"421",421,"spence",NA,NA,"Mike","Spence","1936-12-30","British"
"422",422,"vos",NA,NA,"Ernie","de Vos","1941-07-01","Dutch"
"423",423,"taylor",NA,NA,"John","Taylor","1933-03-23","British"
"424",424,"attwood",NA,NA,"Richard","Attwood","1940-04-04","British"
"425",425,"gardner",NA,NA,"Frank","Gardner","1930-10-01","Australian"
"426",426,"geki",NA,NA,"Giacomo","Russo","1937-10-23","Italian"
"427",427,"revson",NA,NA,"Peter","Revson","1939-02-27","American"
"428",428,"rindt",NA,NA,"Jochen","Rindt","1942-04-18","Austrian"
"429",429,"bucknum",NA,NA,"Ronnie","Bucknum","1936-04-05","American"
"430",430,"pretorius",NA,NA,"Jackie","Pretorius","1934-11-22","South African"
"431",431,"bassi",NA,NA,"Giorgio","Bassi","1934-01-20","Italian"
"432",432,"blignaut",NA,NA,"Alex","Blignaut","1932-11-30","South African"
"433",433,"bondurant",NA,NA,"Bob","Bondurant","1933-04-27","American"
"434",434,"charlton",NA,NA,"Dave","Charlton","1936-10-27","South African"
"435",435,"clapham",NA,NA,"David","Clapham","1931-05-18","South African"
"436",436,"gubby",NA,NA,"Brian","Gubby","1934-04-17","British"
"437",437,"hawkins",NA,NA,"Paul","Hawkins","1937-10-12","Australian"
"438",438,"hulme",NA,NA,"Denny","Hulme","1936-06-18","New Zealander"
"439",439,"puzey",NA,NA,"Clive","Puzey","1941-07-11","Rhodesian"
"440",440,"reed",NA,NA,"Ray","Reed","1932-04-30","South African"
"441",441,"rhodes",NA,NA,"John","Rhodes","1927-08-18","British"
"442",442,"rollinson",NA,NA,"Alan","Rollinson","1943-05-15","British"
"443",443,"stewart",NA,NA,"Jackie","Stewart","1939-06-11","British"
"444",444,"irwin",NA,NA,"Chris","Irwin","1942-06-27","British"
"445",445,"lawrence",NA,NA,"Chris","Lawrence","1933-07-27","British"
"446",446,"ligier",NA,NA,"Guy","Ligier","1930-07-12","French"
"447",447,"courage",NA,NA,"Piers","Courage","1942-05-27","British"
"448",448,"fisher",NA,NA,"Mike","Fisher","1943-03-13","American"
"449",449,"moser",NA,NA,"Silvio","Moser","1941-04-24","Swiss"
"450",450,"oliver",NA,NA,"Jackie","Oliver","1942-08-14","British"
"451",451,"pease",NA,NA,"Al","Pease","1921-10-15","Canadian"
"452",452,"rees",NA,NA,"Alan","Rees","1938-01-12","British"
"453",453,"tom_jones",NA,NA,"Tom","Jones","1943-04-26","American"
"454",454,"wietzes",NA,NA,"Eppie","Wietzes","1938-05-28","Canadian"
"455",455,"williams",NA,NA,"Jonathan","Williams","1942-10-26","British"
"456",456,"jo_schlesser",NA,NA,"Jo","Schlesser","1928-05-18","French"
"457",457,"ahrens",NA,NA,"Kurt","Ahrens","1940-04-19","German"
"458",458,"beltoise",NA,NA,"Jean-Pierre","Beltoise","1937-04-26","French"
"459",459,"botha",NA,NA,"Luki","Botha","1930-01-16","South African"
"460",460,"gavin",NA,NA,"Johnny","Servoz-Gavin","1942-01-18","French"
"461",461,"hahne",NA,NA,"Hubert","Hahne","1935-03-28","German"
"462",462,"hart",NA,NA,"Brian","Hart","1936-09-07","British"
"463",463,"hobbs",NA,NA,"David","Hobbs","1939-06-09","British"
"464",464,"ickx",NA,NA,"Jacky","Ickx","1945-01-01","Belgian"
"465",465,"redman",NA,NA,"Brian","Redman","1937-03-09","British"
"466",466,"rooyen",NA,NA,"Basil","van Rooyen","1939-04-19","South African"
"467",467,"elford",NA,NA,"Vic","Elford","1935-06-10","British"
"468",468,"pescarolo",NA,NA,"Henri","Pescarolo","1942-09-25","French"
"469",469,"adamich",NA,NA,"Andrea","de Adamich","1941-10-03","Italian"
"470",470,"bell",NA,NA,"Derek","Bell","1941-10-31","British"
"471",471,"brack",NA,NA,"Bill","Brack","1935-12-26","Canadian"
"472",472,"unser",NA,NA,"Bobby","Unser","1934-02-20","American"
"473",473,"widdows",NA,NA,"Robin","Widdows","1942-05-27","British"
"474",474,"mario_andretti",NA,NA,"Mario","Andretti","1940-02-28","American"
"475",475,"cordts",NA,NA,"John","Cordts","1935-07-23","Canadian"
"476",476,"eaton",NA,NA,"George","Eaton","1945-11-12","Canadian"
"477",477,"miles",NA,NA,"John","Miles","1943-06-14","British"
"478",478,"gethin",NA,NA,"Peter","Gethin","1940-02-21","British"
"479",479,"giunti",NA,NA,"Ignazio","Giunti","1941-08-30","Italian"
"480",480,"hutchison",NA,NA,"Gus","Hutchison","1937-04-26","American"
"481",481,"cevert",NA,NA,"FranÃ§ois","Cevert","1944-02-25","French"
"482",482,"emerson_fittipaldi",NA,NA,"Emerson","Fittipaldi","1946-12-12","Brazilian"
"483",483,"galli",NA,NA,"Nanni","Galli","1940-10-02","Italian"
"484",484,"peterson",NA,NA,"Ronnie","Peterson","1944-02-14","Swedish"
"485",485,"regazzoni",NA,NA,"Clay","Regazzoni","1939-09-05","Swiss"
"486",486,"roig",NA,NA,"Alex","Soler-Roig","1932-10-29","Spanish"
"487",487,"schenken",NA,NA,"Tim","Schenken","1943-09-26","Australian"
"488",488,"stommelen",NA,NA,"Rolf","Stommelen","1943-07-11","German"
"489",489,"westbury",NA,NA,"Peter","Westbury","1938-05-26","British"
"490",490,"wisell",NA,NA,"Reine","Wisell","1941-09-30","Swedish"
"491",491,"walker",NA,NA,"David","Walker","1941-06-10","Australian"
"492",492,"jarier",NA,NA,"Jean-Pierre","Jarier","1946-07-10","French"
"493",493,"jean",NA,NA,"Max","Jean","1943-07-27","French"
"494",494,"lauda",NA,NA,"Niki","Lauda","1949-02-22","Austrian"
"495",495,"lennep",NA,NA,"Gijs","van Lennep","1942-03-16","Dutch"
"496",496,"marko",NA,NA,"Helmut","Marko","1943-04-27","Austrian"
"497",497,"barber",NA,NA,"Skip","Barber","1936-11-16","American"
"498",498,"beuttler",NA,NA,"Mike","Beuttler","1940-04-13","British"
"499",499,"Cannoc",NA,NA,"John","Cannon","1933-06-21","Canadian"
"500",500,"craft",NA,NA,"Chris","Craft","1939-11-17","British"
"501",501,"donohue",NA,NA,"Mark","Donohue","1937-03-18","American"
"502",502,"ganley",NA,NA,"Howden","Ganley","1941-12-24","New Zealander"
"503",503,"mazet",NA,NA,"FranÃ§ois","Mazet","1943-02-24","French"
"504",504,"posey",NA,NA,"Sam","Posey","1944-05-26","American"
"505",505,"merzario",NA,NA,"Arturo","Merzario","1943-03-11","Italian"
"506",506,"migault",NA,NA,"FranÃ§ois","Migault","1944-12-04","French"
"507",507,"pace",NA,NA,"Carlos","Pace","1944-10-06","Brazilian"
"508",508,"wilson_fittipaldi",NA,NA,"Wilson","Fittipaldi","1943-12-25","Brazilian"
"509",509,"depailler",NA,NA,"Patrick","Depailler","1944-08-09","French"
"510",510,"reutemann",NA,NA,"Carlos","Reutemann","1942-04-12","Argentine"
"511",511,"scheckter",NA,NA,"Jody","Scheckter","1950-01-29","South African"
"512",512,"purley",NA,NA,"David","Purley","1945-01-26","British"
"513",513,"watson",NA,NA,"John","Watson","1946-05-04","British"
"514",514,"williamson",NA,NA,"Roger","Williamson","1948-02-02","British"
"515",515,"mcrae",NA,NA,"Graham","McRae","1940-03-05","New Zealander"
"516",516,"opel",NA,NA,"Rikky","von Opel","1947-10-14","Liechtensteiner"
"517",517,"hunt",NA,NA,"James","Hunt","1947-08-29","British"
"518",518,"keizan",NA,NA,"Eddie","Keizan","1944-09-12","South African"
"519",519,"mass",NA,NA,"Jochen","Mass","1946-09-30","German"
"520",520,"bueno",NA,NA,"Luiz","Bueno","1937-01-16","Brazilian"
"521",521,"follmer",NA,NA,"George","Follmer","1934-01-27","American"
"522",522,"dolhem",NA,NA,"JosÃ©","Dolhem","1944-04-26","French"
"523",523,"edwards",NA,NA,"Guy","Edwards","1942-12-30","British"
"524",524,"facetti",NA,NA,"Carlo","Facetti","1935-06-26","Italian"
"525",525,"nicholson",NA,NA,"John","Nicholson","1941-10-06","New Zealander"
"526",526,"perkins",NA,NA,"Larry","Perkins","1950-03-18","Australian"
"527",527,"pilette",NA,NA,"Teddy","Pilette","1942-07-26","Belgian"
"528",528,"pryce",NA,NA,"Tom","Pryce","1949-06-11","British"
"529",529,"quester",NA,NA,"Dieter","Quester","1939-05-30","Austrian"
"530",530,"robarts",NA,NA,"Richard","Robarts","1944-09-22","British"
"531",531,"roos",NA,NA,"Bertil","Roos","1943-10-12","Swedish"
"532",532,"schuppan",NA,NA,"Vern","Schuppan","1943-03-19","Australian"
"533",533,"stuck",NA,NA,"Hans-Joachim","Stuck","1951-01-01","German"
"534",534,"wilds",NA,NA,"Mike","Wilds","1946-01-07","British"
"535",535,"kinnunen",NA,NA,"Leo","Kinnunen","1943-08-05","Finnish"
"536",536,"koinigg",NA,NA,"Helmuth","Koinigg","1948-11-03","Austrian"
"537",537,"laffite",NA,NA,"Jacques","Laffite","1943-11-21","French"
"538",538,"larrousse",NA,NA,"GÃ©rard","Larrousse","1940-05-23","French"
"539",539,"lombardi",NA,NA,"Lella","Lombardi","1941-03-26","Italian"
"540",540,"ashley",NA,NA,"Ian","Ashley","1947-10-26","British"
"541",541,"belso",NA,NA,"Tom","BelsÃ¸","1942-08-27","Danish"
"542",542,"brambilla",NA,NA,"Vittorio","Brambilla","1937-11-11","Italian"
"543",543,"ian_scheckter",NA,NA,"Ian","Scheckter","1947-08-22","South African"
"544",544,"jabouille",NA,NA,"Jean-Pierre","Jabouille","1942-10-01","French"
"545",545,"henton",NA,NA,"Brian","Henton","1946-09-19","British"
"546",546,"crawford",NA,NA,"Jim","Crawford","1948-02-13","British"
"547",547,"ertl",NA,NA,"Harald","Ertl","1948-08-31","Austrian"
"548",548,"evans",NA,NA,"Bob","Evans","1947-06-11","British"
"549",549,"fushida",NA,NA,"Hiroshi","Fushida","1946-03-10","Japanese"
"550",550,"morgan",NA,NA,"Dave","Morgan","1944-08-07","British"
"551",551,"palm",NA,NA,"Torsten","Palm","1947-07-23","Swedish"
"552",552,"brise",NA,NA,"Tony","Brise","1952-03-28","British"
"553",553,"trimmer",NA,NA,"Tony","Trimmer","1943-01-24","British"
"554",554,"tunmer",NA,NA,"Guy","Tunmer","1948-12-01","South African"
"555",555,"vonlanthen",NA,NA,"Jo","Vonlanthen","1942-05-31","Swiss"
"556",556,"wunderink",NA,NA,"Roelof","Wunderink","1948-12-12","Dutch"
"557",557,"zorzi",NA,NA,"Renzo","Zorzi","1946-12-12","Italian"
"558",558,"jones",NA,NA,"Alan","Jones","1946-11-02","Australian"
"559",559,"leclere",NA,NA,"Michel","LeclÃ¨re","1946-03-18","French"
"560",560,"lunger",NA,NA,"Brett","Lunger","1945-11-14","American"
"561",561,"magee",NA,NA,"Damien","Magee","1945-11-17","British"
"562",562,"kessel",NA,NA,"Loris","Kessel","1950-04-01","Swiss"
"563",563,"galica",NA,NA,"Divina","Galica","1944-08-13","British"
"564",564,"hasemi",NA,NA,"Masahiro","Hasemi","1945-11-13","Japanese"
"565",565,"hayje",NA,NA,"Boy","Lunger","1949-05-03","Dutch"
"566",566,"hoffmann",NA,NA,"Ingo","Hoffmann","1953-02-28","Brazilian"
"567",567,"hoshino",NA,NA,"Kazuyoshi","Hoshino","1947-07-01","Japanese"
"568",568,"ribeiro",NA,NA,"Alex","Ribeiro","1948-11-07","Brazilian"
"569",569,"stuppacher",NA,NA,"Otto","Stuppacher","1947-03-03","Austrian"
"570",570,"takahara",NA,NA,"Noritake","Takahara","1951-06-06","Japanese"
"571",571,"villota",NA,NA,"Emilio","de Villota","1946-07-26","Spanish"
"572",572,"zapico",NA,NA,"Emilio","Zapico","1944-05-27","Spanish"
"573",573,"nelleman",NA,NA,"Jac","Nelleman","1944-04-19","Danish"
"574",574,"neve",NA,NA,"Patrick","NÃ¨ve","1949-10-13","Belgian"
"575",575,"nilsson",NA,NA,"Gunnar","Nilsson","1948-11-20","Swedish"
"576",576,"pesenti_rossi",NA,NA,"Alessandro","Pesenti-Rossi","1942-08-31","Italian"
"577",577,"andersson",NA,NA,"Conny","Andersson","1939-12-28","Swedish"
"578",578,"binder",NA,NA,"Hans","Binder","1948-06-12","Austrian"
"579",579,"brown",NA,NA,"Warwick","Brown","1949-12-24","Australian"
"580",580,"bleekemolen",NA,NA,"Michael","Bleekemolen","1949-10-02","Dutch"
"581",581,"giacomelli",NA,NA,"Bruno","Giacomelli","1952-09-10","Italian"
"582",582,"gilles_villeneuve",NA,NA,"Gilles","Villeneuve","1950-01-18","Canadian"
"583",583,"heyer",NA,NA,"Hans","Heyer","1943-03-16","German"
"584",584,"keegan",NA,NA,"Rupert","Keegan","1955-02-26","British"
"585",585,"kozarowitzky",NA,NA,"Mikko","Kozarowitzky","1948-05-17","Finnish"
"586",586,"leoni",NA,NA,"Lamberto","Leoni","1953-05-24","Italian"
"587",587,"dryver",NA,NA,"Bernard","de Dryver","1952-09-19","Belgian"
"588",588,"francia",NA,NA,"Giorgio","Francia","1947-11-08","Italian"
"589",589,"mcguire",NA,NA,"Brian","McGuire","1945-12-13","Australian"
"590",590,"ongais",NA,NA,"Danny","Ongais","1942-05-21","American"
"591",591,"patrese",NA,NA,"Riccardo","Patrese","1954-04-17","Italian"
"592",592,"rebaque",NA,NA,"Hector","Rebaque","1956-02-05","Mexican"
"593",593,"sutcliffe",NA,NA,"Andy","Sutcliffe","1947-05-09","British"
"594",594,"takahashi",NA,NA,"Kunimitsu","Takahashi","1940-01-29","Japanese"
"595",595,"tambay",NA,NA,"Patrick","Tambay","1949-06-25","French"
"596",596,"keke_rosberg",NA,NA,"Keke","Rosberg","1948-12-06","Finnish"
"597",597,"lees",NA,NA,"Geoff","Lees","1951-05-01","British"
"598",598,"arnoux",NA,NA,"RenÃ©","Arnoux","1948-07-04","French"
"599",599,"gimax",NA,NA,"Carlo","Franchi","1938-01-01","Italian"
"600",600,"rahal",NA,NA,"Bobby","Rahal","1953-01-10","American"
"601",601,"cheever",NA,NA,"Eddie","Cheever","1958-01-10","American"
"602",602,"colombo",NA,NA,"Alberto","Colombo","1946-02-23","Italian"
"603",603,"daly",NA,NA,"Derek","Daly","1953-03-11","Irish"
"604",604,"gabbiani",NA,NA,"Beppe","Gabbiani","1957-01-02","Italian"
"605",605,"piquet",NA,NA,"Nelson","Piquet","1952-08-17","Brazilian"
"606",606,"pironi",NA,NA,"Didier","Pironi","1952-03-26","French"
"607",607,"angelis",NA,NA,"Elio","de Angelis","1958-03-26","Italian"
"608",608,"brancatelli",NA,NA,"Gianfranco","Brancatelli","1950-01-18","Italian"
"609",609,"surer",NA,NA,"Marc","Surer","1951-09-18","Swiss"
"610",610,"zunino",NA,NA,"Ricardo","Zunino","1949-04-13","Argentine"
"611",611,"lammers",NA,NA,"Jan","Lammers","1956-06-02","Dutch"
"612",612,"gaillard",NA,NA,"Patrick","Gaillard","1952-02-12","French"
"613",613,"prost",NA,NA,"Alain","Prost","1955-02-24","French"
"614",614,"south",NA,NA,"Stephen","South","1952-02-19","British"
"615",615,"thackwell",NA,NA,"Mike","Thackwell","1961-03-30","New Zealander"
"616",616,"needell",NA,NA,"Tiff","Needell","1951-10-29","British"
"617",617,"johansson",NA,NA,"Stefan","Johansson","1956-09-08","Swedish"
"618",618,"kennedy",NA,NA,"Dave","Kennedy","1953-01-15","Irish"
"619",619,"manfred_winkelhock",NA,NA,"Manfred","Winkelhock","1951-10-06","German"
"620",620,"mansell",NA,NA,"Nigel","Mansell","1953-08-08","British"
"621",621,"cesaris",NA,NA,"Andrea","de Cesaris","1959-05-31","Italian"
"622",622,"cogan",NA,NA,"Kevin","Cogan","1956-03-31","American"
"623",623,"desire_wilson",NA,NA,"DesirÃ©","Wilson","1953-11-26","South African"
"624",624,"salazar",NA,NA,"Eliseo","Salazar","1954-11-14","Chilean"
"625",625,"serra",NA,NA,"Chico","Serra","1957-02-03","Brazilian"
"626",626,"stohr",NA,NA,"Siegfried","Stohr","1952-10-10","Italian"
"627",627,"villeneuve_sr",NA,NA,"Jacques","Villeneuve Sr.","1953-11-04","Canadian"
"628",628,"warwick",NA,NA,"Derek","Warwick","1954-08-27","British"
"629",629,"londono",NA,NA,"Ricardo","LondoÃ±o","1949-08-08","Colombian"
"630",630,"alboreto",NA,NA,"Michele","Alboreto","1956-12-23","Italian"
"631",631,"borgudd",NA,NA,"Slim","Borgudd","1946-11-25","Swedish"
"632",632,"ghinzani",NA,NA,"Piercarlo","Ghinzani","1952-01-16","Italian"
"633",633,"guerra",NA,NA,"Miguel Ãngel","Guerra","1953-08-31","Argentine"
"634",634,"guerrero",NA,NA,"Roberto","Guerrero","1958-11-16","Colombian"
"635",635,"byrne",NA,NA,"Tommy","Byrne","1958-05-06","Irish"
"636",636,"fabi",NA,NA,"Teo","Fabi","1955-03-09","Italian"
"637",637,"moreno",NA,NA,"Roberto","Moreno","1959-02-11","Brazilian"
"638",638,"paletti",NA,NA,"Riccardo","Paletti","1958-06-15","Italian"
"639",639,"baldi",NA,NA,"Mauro","Baldi","1954-01-31","Italian"
"640",640,"boesel",NA,NA,"Raul","Boesel","1957-12-04","Brazilian"
"641",641,"cecotto",NA,NA,"Johnny","Cecotto","1956-01-25","Venezuelan"
"642",642,"corrado_fabi",NA,NA,"Corrado","Fabi","1961-04-12","Italian"
"643",643,"schlesser",NA,NA,"Jean-Louis","Schlesser","1948-09-12","French"
"644",644,"sullivan",NA,NA,"Danny","Sullivan","1950-03-09","American"
"645",645,"palmer",NA,NA,"Jonathan","Palmer","1956-11-07","British"
"646",646,"acheson",NA,NA,"Kenny","Acheson","1957-11-27","British"
"647",647,"boutsen",NA,NA,"Thierry","Boutsen","1957-07-13","Belgian"
"648",648,"alliot",NA,NA,"Philippe","Alliot","1954-07-27","French"
"649",649,"bellof",NA,NA,"Stefan","Bellof","1957-11-20","German"
"650",650,"berger",NA,NA,"Gerhard","Berger","1959-08-27","Austrian"
"651",651,"brundle",NA,NA,"Martin","Brundle","1959-06-01","British"
"652",652,"gartner",NA,NA,"Jo","Gartner","1954-01-24","Austrian"
"653",653,"hesnault",NA,NA,"FranÃ§ois","Hesnault","1956-12-30","French"
"654",654,"martini",NA,NA,"Pierluigi","Martini","1961-04-23","Italian"
"655",655,"rothengatter",NA,NA,"Huub","Rothengatter","1954-10-08","Dutch"
"656",656,"senna",NA,NA,"Ayrton","Senna","1960-03-21","Brazilian"
"657",657,"streiff",NA,NA,"Philippe","Streiff","1955-06-26","French"
"658",658,"capelli",NA,NA,"Ivan","Capelli","1963-05-24","Italian"
"659",659,"danner",NA,NA,"Christian","Danner","1958-04-04","German"
"660",660,"nannini",NA,NA,"Alessandro","Nannini","1959-07-07","Italian"
"661",661,"berg",NA,NA,"Allen","Berg","1961-08-01","Canadian"
"662",662,"caffi",NA,NA,"Alex","Caffi","1964-03-18","Italian"
"663",663,"dumfries",NA,NA,"Johnny","Dumfries","1958-04-26","British"
"664",664,"satoru_nakajima",NA,NA,"Satoru","Nakajima","1953-02-23","Japanese"
"665",665,"tarquini",NA,NA,"Gabriele","Tarquini","1962-03-02","Italian"
"666",666,"modena",NA,NA,"Stefano","Modena","1963-05-12","Italian"
"667",667,"larini",NA,NA,"Nicola","Larini","1964-03-19","Italian"
"668",668,"campos",NA,NA,"AdriÃ¡n","Campos","1960-06-17","Spanish"
"669",669,"dalmas",NA,NA,"Yannick","Dalmas","1961-07-28","French"
"670",670,"fabre",NA,NA,"Pascal","Fabre","1960-01-09","French"
"671",671,"forini",NA,NA,"Franco","Forini","1958-09-22","Swiss"
"672",672,"raphanel",NA,NA,"Pierre-Henri","Raphanel","1961-05-27","French"
"673",673,"sala",NA,NA,"Luis","PÃ©rez-Sala","1959-05-15","Spanish"
"674",674,"schneider",NA,NA,"Bernd","Schneider","1964-07-20","German"
"675",675,"suzuki",NA,NA,"Aguri","Suzuki","1960-09-08","Japanese"
"676",676,"larrauri",NA,NA,"Oscar","Larrauri","1954-08-19","Argentine"
"677",677,"bailey",NA,NA,"Julian","Bailey","1961-10-09","British"
"678",678,"gugelmin",NA,NA,"MaurÃ­cio","Gugelmin","1963-04-20","Brazilian"
"679",679,"grouillard",NA,NA,"Olivier","Grouillard","1958-09-02","French"
"680",680,"herbert",NA,NA,"Johnny","Herbert","1964-06-25","British"
"681",681,"donnelly",NA,NA,"Martin","Donnelly","1964-03-26","British"
"682",682,"foitek",NA,NA,"Gregor","Foitek","1965-03-27","Swiss"
"683",683,"gachot",NA,NA,"Bertrand","Gachot","1962-12-23","Belgian"
"684",684,"pirro",NA,NA,"Emanuele","Pirro","1962-01-12","Italian"
"685",685,"alesi",NA,NA,"Jean","Alesi","1964-06-11","French"
"686",686,"barilla",NA,NA,"Paolo","Barilla","1961-04-20","Italian"
"687",687,"bernard",NA,NA,"Ã‰ric","Bernard","1964-08-24","French"
"688",688,"bertaggia",NA,NA,"Enrico","Bertaggia","1964-09-19","Italian"
"689",689,"weidler",NA,NA,"Volker","Weidler","1962-03-18","German"
"690",690,"joachim_winkelhock",NA,NA,"Joachim","Winkelhock","1960-10-24","German"
"691",691,"lehto",NA,NA,"Jyrki","JÃ¤rvilehto","1966-01-31","Finnish"
"692",692,"langes",NA,NA,"Claudio","Langes","1960-07-20","Italian"
"693",693,"gary_brabham",NA,NA,"Gary","Brabham","1961-03-29","Australian"
"694",694,"morbidelli",NA,NA,"Gianni","Morbidelli","1968-01-13","Italian"
"695",695,"brabham",NA,NA,"David","Brabham","1965-09-05","Australian"
"696",696,"barbazza",NA,NA,"Fabrizio","Barbazza","1963-04-02","Italian"
"697",697,"bartels",NA,NA,"Michael","Bartels","1968-03-08","German"
"698",698,"blundell",NA,NA,"Mark","Blundell","1966-04-08","British"
"699",699,"hakkinen",NA,NA,"Mika","HÃ¤kkinen","1968-09-28","Finnish"
"700",700,"hattori",NA,NA,"Naoki","Hattori","1966-06-13","Japanese"
"701",701,"chaves",NA,NA,"Pedro","Chaves","1965-02-27","Portuguese"
"702",702,"comas",NA,NA,"Ã‰rik","Comas","1963-09-28","French"
"703",703,"michael_schumacher",NA,"MSC","Michael","Schumacher","1969-01-03","German"
"704",704,"poele",NA,NA,"Eric","van de Poele","1961-09-30","Belgian"
"705",705,"wendlinger",NA,NA,"Karl","Wendlinger","1968-12-20","Austrian"
"706",706,"zanardi",NA,NA,"Alessandro","Zanardi","1966-10-23","Italian"
"707",707,"katayama",NA,NA,"Ukyo","Katayama","1963-05-29","Japanese"
"708",708,"amati",NA,NA,"Giovanna","Amati","1959-07-20","Italian"
"709",709,"belmondo",NA,NA,"Paul","Belmondo","1963-04-23","French"
"710",710,"chiesa",NA,NA,"Andrea","Chiesa","1964-05-06","Swiss"
"711",711,"damon_hill",NA,NA,"Damon","Hill","1960-09-17","British"
"712",712,"fittipaldi",NA,NA,"Christian","Fittipaldi","1971-01-18","Brazilian"
"713",713,"mccarthy",NA,NA,"Perry","McCarthy","1961-03-03","British"
"714",714,"naspetti",NA,NA,"Emanuele","Naspetti","1968-02-24","Italian"
"715",715,"andretti",NA,NA,"Michael","Andretti","1962-10-05","American"
"716",716,"apicella",NA,NA,"Marco","Apicella","1965-10-07","Italian"
"717",717,"badoer",NA,"BAD","Luca","Badoer","1971-01-25","Italian"
"718",718,"barrichello",NA,"BAR","Rubens","Barrichello","1972-05-23","Brazilian"
"719",719,"toshio_suzuki",NA,NA,"Toshio","Suzuki","1955-03-10","Japanese"
"720",720,"lamy",NA,NA,"Pedro","Lamy","1972-03-20","Portuguese"
"721",721,"gounon",NA,NA,"Jean-Marc","Gounon","1963-01-01","French"
"722",722,"irvine",NA,NA,"Eddie","Irvine","1965-11-10","British"
"723",723,"ratzenberger",NA,NA,"Roland","Ratzenberger","1960-07-04","Austrian"
"724",724,"salo",NA,NA,"Mika","Salo","1966-11-30","Finnish"
"725",725,"schiattarella",NA,NA,"Domenico","Schiattarella","1967-11-17","Italian"
"726",726,"verstappen",NA,NA,"Jos","Verstappen","1972-03-04","Dutch"
"727",727,"montermini",NA,NA,"Andrea","Montermini","1964-05-30","Italian"
"728",728,"noda",NA,NA,"Hideki","Noda","1969-03-07","Japanese"
"729",729,"panis",NA,NA,"Olivier","Panis","1966-09-02","French"
"730",730,"adams",NA,NA,"Philippe","Adams","1969-11-19","Belgian"
"731",731,"beretta",NA,NA,"Olivier","Beretta","1969-11-23","Monegasque"
"732",732,"inoue",NA,NA,"Taki","Inoue","1963-09-05","Japanese"
"733",733,"lagorce",NA,NA,"Franck","Lagorce","1968-09-01","French"
"734",734,"coulthard",NA,"COU","David","Coulthard","1971-03-27","British"
"735",735,"deletraz",NA,NA,"Jean-Denis","DÃ©lÃ©traz","1963-10-01","Swiss"
"736",736,"frentzen",NA,NA,"Heinz-Harald","Frentzen","1967-05-18","German"
"737",737,"diniz",NA,NA,"Pedro","Diniz","1970-05-22","Brazilian"
"738",738,"papis",NA,NA,"Massimiliano","Papis","1969-10-03","Italian"
"739",739,"lavaggi",NA,NA,"Giovanni","Lavaggi","1958-02-18","Italian"
"740",740,"magnussen",NA,"MAG","Jan","Magnussen","1973-07-04","Danish"
"741",741,"boullion",NA,NA,"Jean-Christophe","Boullion","1969-12-27","French"
"742",742,"rosset",NA,NA,"Ricardo","Rosset","1968-07-27","Brazilian"
"743",743,"fisichella",NA,"FIS","Giancarlo","Fisichella","1973-01-14","Italian"
"744",744,"villeneuve",NA,"VIL","Jacques","Villeneuve","1971-04-09","Canadian"
"745",745,"marques",NA,NA,"Tarso","Marques","1976-01-19","Brazilian"
"746",746,"fontana",NA,NA,"Norberto","Fontana","1975-01-20","Argentine"
"747",747,"ralf_schumacher",NA,"SCH","Ralf","Schumacher","1975-06-30","German"
"748",748,"sospiri",NA,NA,"Vincenzo","Sospiri","1966-10-07","Italian"
"749",749,"trulli",NA,"TRU","Jarno","Trulli","1974-07-13","Italian"
"750",750,"wurz",NA,"WUR","Alexander","Wurz","1974-02-15","Austrian"
"751",751,"nakano",NA,NA,"Shinji","Nakano","1971-04-01","Japanese"
"752",752,"takagi",NA,NA,"Toranosuke","Takagi","1974-02-12","Japanese"
"753",753,"tuero",NA,NA,"Esteban","Tuero","1978-04-22","Argentine"
"754",754,"zonta",NA,"ZON","Ricardo","Zonta","1976-03-23","Brazilian"
"755",755,"gene",NA,NA,"Marc","GenÃ©","1974-03-29","Spanish"
"756",756,"rosa",NA,"DLR","Pedro","de la Rosa","1971-02-24","Spanish"
"757",757,"sarrazin",NA,NA,"StÃ©phane","Sarrazin","1975-11-02","French"
"758",758,"mazzacane",NA,NA,"GastÃ³n","Mazzacane","1975-05-08","Argentine"
"759",759,"burti",NA,NA,"Luciano","Burti","1975-03-05","Brazilian"
"760",760,"button",22,"BUT","Jenson","Button","1980-01-19","British"
"761",761,"heidfeld",NA,"HEI","Nick","Heidfeld","1977-05-10","German"
"762",762,"raikkonen",7,"RAI","Kimi","RÃ¤ikkÃ¶nen","1979-10-17","Finnish"
"763",763,"alonso",14,"ALO","Fernando","Alonso","1981-07-29","Spanish"
"764",764,"bernoldi",NA,NA,"Enrique","Bernoldi","1978-10-19","Brazilian"
"765",765,"montoya",NA,"MON","Juan","Pablo Montoya","1975-09-20","Colombian"
"766",766,"yoong",NA,NA,"Alex","Yoong","1976-07-20","Malaysian"
"767",767,"enge",NA,NA,"TomÃ¡Å¡","Enge","1976-09-11","Czech"
"768",768,"davidson",NA,"DAV","Anthony","Davidson","1979-04-18","British"
"769",769,"massa",19,"MAS","Felipe","Massa","1981-04-25","Brazilian"
"770",770,"sato",NA,"SAT","Takuma","Sato","1977-01-28","Japanese"
"771",771,"webber",NA,"WEB","Mark","Webber","1976-08-27","Australian"
"772",772,"mcnish",NA,NA,"Allan","McNish","1969-12-29","British"
"773",773,"firman",NA,NA,"Ralph","Firman","1975-05-20","Irish"
"774",774,"kiesa",NA,NA,"Nicolas","Kiesa","1978-03-03","Danish"
"775",775,"matta",NA,NA,"Cristiano","da Matta","1973-09-19","Brazilian"
"776",776,"pizzonia",NA,"PIZ","AntÃ´nio","Pizzonia","1980-09-11","Brazilian"
"777",777,"baumgartner",NA,NA,"Zsolt","Baumgartner","1981-01-01","Hungarian"
"778",778,"wilson",NA,NA,"Justin","Wilson","1978-07-31","British"
"779",779,"bruni",NA,NA,"Gianmaria","Bruni","1981-05-30","Italian"
"780",780,"glock",NA,"GLO","Timo","Glock","1982-03-18","German"
"781",781,"klien",NA,"KLI","Christian","Klien","1983-02-07","Austrian"
"782",782,"pantano",NA,NA,"Giorgio","Pantano","1979-02-04","Italian"
"783",783,"monteiro",NA,"TMO","Tiago","Monteiro","1976-07-24","Portuguese"
"784",784,"doornbos",NA,"DOO","Robert","Doornbos","1981-09-23","Dutch"
"785",785,"friesacher",NA,"FRI","Patrick","Friesacher","1980-09-26","Austrian"
"786",786,"karthikeyan",NA,"KAR","Narain","Karthikeyan","1977-01-14","Indian"
"787",787,"liuzzi",NA,"LIU","Vitantonio","Liuzzi","1980-08-06","Italian"
"788",788,"albers",NA,"ALB","Christijan","Albers","1979-04-16","Dutch"
"789",789,"yamamoto",NA,"YAM","Sakon","Yamamoto","1982-07-09","Japanese"
"790",790,"montagny",NA,"FMO","Franck","Montagny","1978-01-05","French"
"791",791,"ide",NA,"IDE","Yuji","Ide","1975-01-21","Japanese"
"792",792,"rosberg",6,"ROS","Nico","Rosberg","1985-06-27","German"
"793",793,"speed",NA,"SPE","Scott","Speed","1983-01-24","American"
"794",794,"kubica",88,"KUB","Robert","Kubica","1984-12-07","Polish"
"795",795,"kovalainen",NA,"KOV","Heikki","Kovalainen","1981-10-19","Finnish"
"796",796,"markus_winkelhock",NA,"WIN","Markus","Winkelhock","1980-06-13","German"
"797",797,"nakajima",NA,"NAK","Kazuki","Nakajima","1985-01-11","Japanese"
"798",798,"sutil",99,"SUT","Adrian","Sutil","1983-01-11","German"
"799",799,"vettel",5,"VET","Sebastian","Vettel","1987-07-03","German"
"800",800,"hamilton",44,"HAM","Lewis","Hamilton","1985-01-07","British"
"801",801,"bourdais",NA,"BOU","SÃ©bastien","Bourdais","1979-02-28","French"
"802",802,"piquet_jr",NA,"PIQ","Nelson","Piquet Jr.","1985-07-25","Brazilian"
"803",803,"buemi",NA,"BUE","SÃ©bastien","Buemi","1988-10-31","Swiss"
"804",804,"kobayashi",10,"KOB","Kamui","Kobayashi","1986-09-13","Japanese"
"805",805,"alguersuari",NA,"ALG","Jaime","Alguersuari","1990-03-23","Spanish"
"806",806,"grosjean",8,"GRO","Romain","Grosjean","1986-04-17","French"
"807",807,"grassi",NA,"DIG","Lucas","di Grassi","1984-08-11","Brazilian"
"808",808,"hulkenberg",27,"HUL","Nico","HÃ¼lkenberg","1987-08-19","German"
"809",809,"bruno_senna",NA,"SEN","Bruno","Senna","1983-10-15","Brazilian"
"810",810,"chandhok",NA,"CHA","Karun","Chandhok","1984-01-19","Indian"
"811",811,"petrov",NA,"PET","Vitaly","Petrov","1984-09-08","Russian"
"812",812,"resta",NA,"DIR","Paul","di Resta","1986-04-16","British"
"813",813,"ricciardo",3,"RIC","Daniel","Ricciardo","1989-07-01","Australian"
"814",814,"ambrosio",NA,"DAM","JÃ©rÃ´me","d'Ambrosio","1985-12-27","Belgian"
"815",815,"maldonado",13,"MAL","Pastor","Maldonado","1985-03-09","Venezuelan"
"816",816,"perez",11,"PER","Sergio","PÃ©rez","1990-01-26","Mexican"
"817",817,"pic",NA,"PIC","Charles","Pic","1990-02-15","French"
"818",818,"vergne",25,"VER","Jean-Ã‰ric","Vergne","1990-04-25","French"
"819",819,"bottas",77,"BOT","Valtteri","Bottas","1989-08-28","Finnish"
"820",820,"garde",NA,"VDG","Giedo","van der Garde","1985-04-25","Dutch"
"821",821,"gutierrez",21,"GUT","Esteban","GutiÃ©rrez","1991-08-05","Mexican"
"822",822,"chilton",4,"CHI","Max","Chilton","1991-04-21","British"
"823",823,"jules_bianchi",17,"BIA","Jules","Bianchi","1989-08-03","French"
"824",824,"kevin_magnussen",20,"MAG","Kevin","Magnussen","1992-10-05","Danish"
"825",825,"kvyat",26,"KVY","Daniil","Kvyat","1994-04-26","Russian"
"826",826,"lotterer",45,"LOT","AndrÃ©","Lotterer","1981-11-19","German"
"827",827,"ericsson",9,"ERI","Marcus","Ericsson","1990-09-02","Swedish"
"828",828,"stevens",28,"STE","Will","Stevens","1991-06-28","British"
"829",829,"rossi",53,"RSS","Alexander","Rossi","1991-09-25","American"
"830",830,"sainz",55,"SAI","Carlos","Sainz","1994-09-01","Spanish"
"831",831,"max_verstappen",33,"VER","Max","Verstappen","1997-09-30","Dutch"
"832",832,"merhi",98,"MER","Roberto","Merhi","1991-03-22","Spanish"
"833",833,"nasr",12,"NAS","Felipe","Nasr","1992-08-21","Brazilian"
"834",834,"jolyon_palmer",30,"PAL","Jolyon","Palmer","1991-01-20","British"
"835",835,"vandoorne",2,"VAN","Stoffel","Vandoorne","1992-03-26","Belgian"
"836",836,"wehrlein",94,"WEH","Pascal","Wehrlein","1994-10-18","German"
"837",837,"ocon",31,"OCO","Esteban","Ocon","1996-09-17","French"
"838",838,"haryanto",88,"HAR","Rio","Haryanto","1993-01-22","Indonesian"
"839",839,"gasly",10,"GAS","Pierre","Gasly","1996-02-07","French"
"840",840,"giovinazzi",99,"GIO","Antonio","Giovinazzi","1993-12-14","Italian"
"841",841,"brendon_hartley",28,"HAR","Brendon","Hartley","1989-11-10","New Zealander"
"842",842,"stroll",18,"STR","Lance","Stroll","1998-10-29","Canadian"
"843",843,"sirotkin",35,"SIR","Sergey","Sirotkin","1995-08-27","Russian"
"844",844,"leclerc",16,"LEC","Charles","Leclerc","1997-10-16","Monegasque"
"845",845,"norris",4,"NOR","Lando","Norris","1999-11-13","British"
"846",846,"russell",63,"RUS","George","Russell","1998-02-15","British"
"847",847,"albon",23,"ALB","Alexander","Albon","1996-03-23","Thai"
"848",848,"aitken",89,"AIT","Jack","Aitken","1995-09-23","British"
"849",849,"pietro_fittipaldi",51,"FIT","Pietro","Fittipaldi","1996-06-25","Brazilian"
"850",850,"latifi",6,"LAT","Nicholas","Latifi","1995-06-29","Canadian"
"851",851,"tsunoda",22,"TSU","Yuki","Tsunoda","2000-05-11","Japanese"
"852",852,"mazepin",9,"MAZ","Nikita","Mazepin","1999-03-02","Russian"
"853",853,"mick_schumacher",47,"MSC","Mick","Schumacher","1999-03-22","German"
"854",854,"zhou",24,"ZHO","Guanyu","Zhou","1999-05-30","Chinese"
"855",855,"de_vries",45,"DEV","Nyck","de Vries","1995-02-06","Dutch"
